<?xml version="1.0" encoding="UTF-8"?>
<retenciones:Retenciones xmlns:retenciones="http://www.sat.gob.mx/esquemas/retencionpago/1"
    xmlns:c_retenciones="http://www.sat.gob.mx/esquemas/retencionpago/1/catalogos"
    xmlns:sectorfinanciero="http://www.sat.gob.mx/esquemas/retencionpago/1/sectorfinanciero"
    xmlns:xsi="http://www.w3.org/2001/XMLSchema-instance"
    xsi:schemaLocation="http://www.sat.gob.mx/esquemas/retencionpago/1 http://www.sat.gob.mx/esquemas/retencionpago/1/retencionpagov1.xsd http://www.sat.gob.mx/esquemas/retencionpago/1/sectorfinanciero http://www.sat.gob.mx/esquemas/retencionpago/1/sectorfinanciero/sectorfinanciero.xsd"
    Version="1.0" FolioInt="TEST00012"
    Sello=""
    NumCert="20001000000100005867"
    Cert=""
    FechaExp="2014-11-28T10:13:51-06:00" CveRetenc="25" DescRetenc="Otro tipo de retenciones - Sector Financiero">
    <!-- DescRetenc="25" Otro tipo de retenciones -->
    <!-- Para uso exclusivo de las entidades integrantes del sistema financiero que actúen en su caracter de fiduciarias -->
    <retenciones:Emisor RFCEmisor="AAA010101AAA"
        NomDenRazSocE="Empresa DEMO para Rentenciones S de TST" CURPE="AAAA010101HNLMNLD2"/>
    <retenciones:Receptor Nacionalidad="Nacional">
        <!-- nodo "Extranjero" sólo cuando Nacionalidad="Extranjero" 
        <retenciones:Extranjero NumRegIdTrib="NumRegIdTrib0" NomDenRazSocR="NomDenRazSocR0"/>
        -->
        <retenciones:Nacional RFCRecep="XAXX010101000" CURPR="VAHE820926HNLLRD02"
            NomDenRazSocR="PÚBLICO EN GENERAL S DE TST"/>
    </retenciones:Receptor>
    <retenciones:Periodo MesIni="6" MesFin="6" Ejerc="2014"/>
    <retenciones:Totales montoTotOperacion="14000.00" montoTotGrav="13000.00"
        montoTotExent="1000.00" montoTotRet="3500.00">
        <retenciones:ImpRetenidos BaseRet="1000.00" Impuesto="01" montoRet="500.00"
            TipoPagoRet="Pago definitivo"/>
        <retenciones:ImpRetenidos BaseRet="1000.00" Impuesto="02" montoRet="500.00"
            TipoPagoRet="Pago provisional"/>
    </retenciones:Totales>
    <retenciones:Complemento>
        <sectorfinanciero:SectorFinanciero Version="1.0" IdFideicom="YHNL28191234" NomFideicom="Inversión Bolsa Mexicana de Valores - PXT" DescripFideicom="Inversiones relacionadas a hidrocarburos nacionales"/>
    </retenciones:Complemento>
    <retenciones:Addenda> </retenciones:Addenda>
</retenciones:Retenciones>
