<?xml version="1.0" encoding="UTF-8"?>
<retenciones:Retenciones xmlns:retenciones="http://www.sat.gob.mx/esquemas/retencionpago/1"
    xmlns:c_retenciones="http://www.sat.gob.mx/esquemas/retencionpago/1/catalogos"
    xmlns:dividendos="http://www.sat.gob.mx/esquemas/retencionpago/1/dividendos"
    xmlns:xsi="http://www.w3.org/2001/XMLSchema-instance"
    xsi:schemaLocation="http://www.sat.gob.mx/esquemas/retencionpago/1 http://www.sat.gob.mx/esquemas/retencionpago/1/retencionpagov1.xsd http://www.sat.gob.mx/esquemas/retencionpago/1/dividendos http://www.sat.gob.mx/esquemas/retencionpago/1/dividendos/dividendos.xsd"
    Version="1.0" FolioInt="TEST00003"
    Sello=""
    NumCert="20001000000100005867"
    Cert=""
    FechaExp="2014-11-28T10:13:51-06:00" CveRetenc="14">
    <!-- DescRetenc="14" Dividendos -->
    <retenciones:Emisor RFCEmisor="AAA010101AAA"
        NomDenRazSocE="Empresa DEMO para Rentenciones S de TST" CURPE="AAAA010101HNLMNLD2"/>
    <retenciones:Receptor Nacionalidad="Nacional">
        <!-- nodo "Extranjero" sólo cuando Nacionalidad="Extranjero" 
        <retenciones:Extranjero NumRegIdTrib="NumRegIdTrib0" NomDenRazSocR="NomDenRazSocR0"/>
        -->
        <retenciones:Nacional RFCRecep="XAXX010101000" CURPR="VAHE820926HNLLRD02"
            NomDenRazSocR="PÚBLICO EN GENERAL S DE TST"/>
    </retenciones:Receptor>
    <retenciones:Periodo MesIni="6" MesFin="6" Ejerc="2014"/>
    <retenciones:Totales montoTotOperacion="14000.00" montoTotGrav="13000.00"
        montoTotExent="1000.00" montoTotRet="3500.00">
        <retenciones:ImpRetenidos BaseRet="1000.00" Impuesto="01" montoRet="500.00"
            TipoPagoRet="Pago definitivo"/>
        <retenciones:ImpRetenidos BaseRet="1000.00" Impuesto="02" montoRet="500.00"
            TipoPagoRet="Pago provisional"/>
    </retenciones:Totales>
    <retenciones:Complemento>
        <dividendos:Dividendos Version="1.0">
            <!-- A pesar de no tener información de Retenciones a Extranjeros, los atributos son obligatorios
            es necesario agregar valor cero -->
            <dividendos:DividOUtil CveTipDivOUtil="01" MontISRAcredRetMexico="35.00" MontISRAcredRetExtranjero="0" MontRetExtDivExt="0" 
                TipoSocDistrDiv="Sociedad Nacional" MontISRAcredNal="30.00" MontDivAcumNal="5.00" MontDivAcumExt="0"/>
            <dividendos:Remanente ProporcionRem="0.00"/>
        </dividendos:Dividendos>
    </retenciones:Complemento>
    <retenciones:Addenda> </retenciones:Addenda>
</retenciones:Retenciones>
