﻿<?xml version="1.0" encoding="UTF-8"?>
<cfdi:Comprobante
  xsi:schemaLocation="http://www.sat.gob.mx/cfd/3 http://www.sat.gob.mx/sitio_internet/cfd/3/cfdv32.xsd http://www.sat.gob.mx/notariospublicos http://www.sat.gob.mx/sitio_internet/cfd/notariospublicos/notariospublicos.xsd"
  xmlns:xsi="http://www.w3.org/2001/XMLSchema-instance" xmlns:cfdi="http://www.sat.gob.mx/cfd/3" xmlns:notariospublicos="http://www.sat.gob.mx/notariospublicos"
  fecha="2015-02-25T13:50:00" tipoDeComprobante="ingreso" serie="C" folio="38"
  LugarExpedicion="Monterrey, Nuevo León" metodoDePago="No Identificado"
  NumCtaPago="No Identificado" formaDePago="PAGO EN UNA SOLA EXHIBICION" total="40600.00"
  descuento="0.00" subTotal="35000.00" Moneda="Pesos"
  certificado=""
  noCertificado="20001000000100005867"
  sello=""
  version="3.2">
  <cfdi:Emisor rfc="AAA010101AAA" nombre="Empresa de Pruebas SA">
    <cfdi:DomicilioFiscal colonia="Fracc. San Pedro" calle="Encinos" noExterior="1452"
      municipio="Monterrey" estado="Nuevo León" pais="México" codigoPostal="64000"/>
    <cfdi:RegimenFiscal Regimen="Regimen General de Ley Personas Morales de Prueba"/>
  </cfdi:Emisor>
  <cfdi:Receptor rfc="E&amp;Ñ831019M53" nombre="Exportadora de Ganado HOLSTEIN S.A.">
    <cfdi:Domicilio colonia="Ejido La Siembra" calle="Av. Principal" noExterior="102"
      municipio="Zacatecas" estado="Zacatecas" pais="México" codigoPostal="99170"
      localidad="Ejido La Siembra"/>
  </cfdi:Receptor>
  <cfdi:Conceptos>
    <cfdi:Concepto cantidad="1" descripcion="Trámite de Escrituración" valorUnitario="35000.00"
      unidad="LTE" importe="35000.00">
      <cfdi:InformacionAduanera numero="32441223" fecha="2015-02-10"/>
    </cfdi:Concepto>
  </cfdi:Conceptos>
  <cfdi:Impuestos totalImpuestosRetenidos="0.00" totalImpuestosTrasladados="5600.00">
    <cfdi:Retenciones>
      <cfdi:Retencion impuesto="ISR" importe="0.00"/>
      <cfdi:Retencion impuesto="IVA" importe="0.00"/>
    </cfdi:Retenciones>
    <cfdi:Traslados>
      <cfdi:Traslado importe="5600.00" tasa="16.00" impuesto="IVA"/>
    </cfdi:Traslados>
  </cfdi:Impuestos>
  <cfdi:Complemento>
    <notariospublicos:NotariosPublicos Version="1.0">
      <notariospublicos:DescInmuebles>
        <notariospublicos:DescInmueble TipoInmueble="04" Calle="Dr. José María Coss"
          NoExterior="900" NoInterior="3A" Colonia="Centro" Municipio="Monterrey"
          Estado="05" Pais="MEX" CodigoPostal="64000"/>
      </notariospublicos:DescInmuebles>
      <notariospublicos:DatosOperacion NumInstrumentoNotarial="456998"
        FechaInstNotarial="2014-06-10" MontoOperacion="250000.00" Subtotal="200000.00"
        IVA="0.00"/>
      <notariospublicos:DatosNotario CURP="TICE700419HCLJND07" NumNotaria="321"
        EntidadFederativa="05" Adscripcion="(Adscripción del Notario)"/>
      <notariospublicos:DatosEnajenante CoproSocConyugalE="No">
        <notariospublicos:DatosUnEnajenante Nombre="José" ApellidoPaterno="Hernández"
          ApellidoMaterno="Hernández" RFC="AAAA010101AAA" CURP="AAAA010101HCLJND07"/>
      </notariospublicos:DatosEnajenante>
      <notariospublicos:DatosAdquiriente CoproSocConyugalE="Si">
        <notariospublicos:DatosAdquirientesCopSC>
          <notariospublicos:DatosAdquirienteCopSC Nombre="Constructora ABC SA de CV"
            RFC="AAA010101AAA" Porcentaje="50.00"/>
          <notariospublicos:DatosAdquirienteCopSC Nombre="Constructora XYZ SA de CV"
            RFC="AAA010101AAA" Porcentaje="50.00"/>
        </notariospublicos:DatosAdquirientesCopSC>
      </notariospublicos:DatosAdquiriente>
    </notariospublicos:NotariosPublicos>
  </cfdi:Complemento>
  <cfdi:Addenda/>
</cfdi:Comprobante>
