﻿<?xml version="1.0" encoding="UTF-8"?>
<cfdi:Comprobante
  xsi:schemaLocation="http://www.sat.gob.mx/cfd/3 http://www.sat.gob.mx/sitio_internet/cfd/3/cfdv32.xsd http://www.sat.gob.mx/nomina http://www.sat.gob.mx/sitio_internet/cfd/nomina/nomina11.xsd"
  xmlns:xsi="http://www.w3.org/2001/XMLSchema-instance" xmlns:cfdi="http://www.sat.gob.mx/cfd/3" xmlns:nomina="http://www.sat.gob.mx/nomina"
  fecha="2015-02-25T13:50:00" tipoDeComprobante="egreso" serie="C" folio="38"
  LugarExpedicion="Monterrey, Nuevo León" metodoDePago="No Identificado"
  NumCtaPago="No Identificado" formaDePago="PAGO EN UNA SOLA EXHIBICION" total="40600.00"
  descuento="0.00" subTotal="35000.00" Moneda="Pesos"
  certificado=""
  noCertificado="20001000000100005867"
  sello=""
  version="3.2">
  <cfdi:Emisor rfc="AAA010101AAA" nombre="Empresa de Pruebas SA">
    <cfdi:DomicilioFiscal colonia="Fracc. San Pedro" calle="Encinos" noExterior="1452"
      municipio="Monterrey" estado="Nuevo León" pais="México" codigoPostal="64000"/>
    <cfdi:RegimenFiscal Regimen="Regimen General de Ley Personas Morales de Prueba"/>
  </cfdi:Emisor>
  <cfdi:Receptor rfc="E&amp;Ñ831019M53" nombre="Exportadora de Ganado HOLSTEIN S.A.">
    <cfdi:Domicilio colonia="Ejido La Siembra" calle="Av. Principal" noExterior="102"
      municipio="Zacatecas" estado="Zacatecas" pais="México" codigoPostal="99170"
      localidad="Ejido La Siembra"/>
  </cfdi:Receptor>
  <cfdi:Conceptos>
    <cfdi:Concepto cantidad="1" descripcion="Módulo de embarque serie A-6743-Ñ" valorUnitario="35000.00"
      unidad="LTE" importe="35000.00">
      <cfdi:InformacionAduanera numero="32441223" fecha="2015-02-10"/>
    </cfdi:Concepto>
  </cfdi:Conceptos>
  <cfdi:Impuestos totalImpuestosRetenidos="0.00" totalImpuestosTrasladados="5600.00">
    <cfdi:Retenciones>
      <cfdi:Retencion impuesto="ISR" importe="0.00"/>
      <cfdi:Retencion impuesto="IVA" importe="0.00"/>
    </cfdi:Retenciones>
    <cfdi:Traslados>
      <cfdi:Traslado importe="5600.00" tasa="16.00" impuesto="IVA"/>
    </cfdi:Traslados>
  </cfdi:Impuestos>
  <cfdi:Complemento>
    <nomina:Nomina Version="1.1" RegistroPatronal="1288192331" NumEmpleado="9872" CURP="TARE860821HNLRNL09" TipoRegimen="1" NumSeguridadSocial="98765434" FechaPago="2013-11-15" FechaInicialPago="2014-11-01" FechaFinalPago="2014-11-15" NumDiasPagados="15" Departamento="Administración" CLABE="028991272912821233" Banco="113" FechaInicioRelLaboral="2009-06-01" Antiguedad="228" Puesto="Administración" TipoContrato="Base" TipoJornada="Diurna" PeriodicidadPago="Quincenal" SalarioBaseCotApor="10000.00" RiesgoPuesto="1" SalarioDiarioIntegrado="696.80">
      <nomina:Percepciones TotalGravado="13000.00" TotalExento="379.00">
        <nomina:Percepcion TipoPercepcion="001" Clave="139" Concepto="Sueldos, Salarios Rayas y Jornales" ImporteGravado="10000.00" ImporteExento="0.00"/>
        <nomina:Percepcion TipoPercepcion="002" Clave="164" Concepto="Gratificación Anual (Aguinaldo)" ImporteGravado="1000.00" ImporteExento="0.00"/>
        <nomina:Percepcion TipoPercepcion="004" Clave="112" Concepto="Reembolso gastos médicos dentales" ImporteGravado="1000.00" ImporteExento="0.00"/>
        <nomina:Percepcion TipoPercepcion="029" Clave="563" Concepto="Bonos de Despensa" ImporteGravado="0.00" ImporteExento="379.00"/>
        <nomina:Percepcion TipoPercepcion="019" Clave="545" Concepto="Horas Extra" ImporteGravado="1000.00" ImporteExento="0.00"/>
      </nomina:Percepciones>
      <nomina:Deducciones TotalGravado="3332.1" TotalExento="0.00">
        <nomina:Deduccion TipoDeduccion="001" Clave="223" Concepto="Seguro Social" ImporteGravado="278.39" ImporteExento="0.00"/>
        <nomina:Deduccion TipoDeduccion="002" Clave="231" Concepto="ISR" ImporteGravado="2053.71" ImporteExento="0.00"/>
        <nomina:Deduccion TipoDeduccion="020" Clave="653" Concepto="Ausencia" ImporteGravado="1000.00" ImporteExento="0.00"/>
        <nomina:Deduccion TipoDeduccion="007" Clave="262" Concepto="Pensión alimenticia" ImporteGravado="0.00" ImporteExento="0.00"/>
      </nomina:Deducciones>
      <nomina:Incapacidades>
        <nomina:Incapacidad DiasIncapacidad="2" TipoIncapacidad="1" Descuento="300.00"/>
      </nomina:Incapacidades>
      <nomina:HorasExtras>
        <nomina:HorasExtra Dias="2" TipoHoras="Dobles" HorasExtra="3" ImportePagado="2653.42"/>
      </nomina:HorasExtras>
    </nomina:Nomina>
  </cfdi:Complemento>
  <cfdi:Addenda/>
</cfdi:Comprobante>
