﻿<?xml version="1.0" encoding="UTF-8"?>
<cfdi:Comprobante
  xsi:schemaLocation="http://www.sat.gob.mx/cfd/3 http://www.sat.gob.mx/sitio_internet/cfd/3/cfdv32.xsd http://www.sat.gob.mx/terceros http://www.sat.gob.mx/sitio_internet/cfd/terceros/terceros11.xsd"
  xmlns:xsi="http://www.w3.org/2001/XMLSchema-instance" xmlns:cfdi="http://www.sat.gob.mx/cfd/3" xmlns:terceros="http://www.sat.gob.mx/terceros"
  fecha="2015-02-25T13:50:00" tipoDeComprobante="ingreso" serie="C" folio="38"
  LugarExpedicion="Monterrey, Nuevo León" metodoDePago="No Identificado"
  NumCtaPago="No Identificado" formaDePago="PAGO EN UNA SOLA EXHIBICION" total="40600.00"
  descuento="0.00" subTotal="35000.00" Moneda="Pesos"
  certificado=""
  noCertificado="20001000000100005867"
  sello=""
  version="3.2">
  <cfdi:Emisor rfc="AAA010101AAA" nombre="Empresa de Pruebas SA">
    <cfdi:DomicilioFiscal colonia="Fracc. San Pedro" calle="Encinos" noExterior="1452"
      municipio="Monterrey" estado="Nuevo León" pais="México" codigoPostal="64000"/>
    <cfdi:RegimenFiscal Regimen="Regimen General de Ley Personas Morales de Prueba"/>
  </cfdi:Emisor>
  <cfdi:Receptor rfc="E&amp;Ñ831019M53" nombre="Exportadora de Ganado HOLSTEIN S.A.">
    <cfdi:Domicilio colonia="Ejido La Siembra" calle="Av. Principal" noExterior="102"
      municipio="Zacatecas" estado="Zacatecas" pais="México" codigoPostal="99170"
      localidad="Ejido La Siembra"/>
  </cfdi:Receptor>
  <cfdi:Conceptos>
    <cfdi:Concepto cantidad="1" descripcion="Pago por cuenta de terceros" valorUnitario="35000.00"
      unidad="LTE" importe="35000.00">
      <cfdi:ComplementoConcepto>
        <terceros:PorCuentadeTerceros 
          version="1.1" rfc="AAA010101AAA" nombre="EMPRESA DE PRUEBA S.A. DE C.V.">
          <terceros:InformacionFiscalTercero calle="Finisterra" noExterior="750" noInterior="5-B" colonia="Centro" localidad="San Luisito" referencia="Esquina con Insurgentes" municipio="Monterrey" estado="Nuevo León" pais="México" codigoPostal="64000"/>
          <terceros:CuentaPredial numero="738212032FD271"/>
          <terceros:Impuestos>
            <terceros:Retenciones>
              <terceros:Retencion impuesto="IVA" importe="0.00"/>
            </terceros:Retenciones>
            <terceros:Traslados>
              <terceros:Traslado impuesto="IVA" tasa="16.00" importe="0.00"/>
            </terceros:Traslados>
          </terceros:Impuestos>
        </terceros:PorCuentadeTerceros>
      </cfdi:ComplementoConcepto>
    </cfdi:Concepto>
  </cfdi:Conceptos>
  <cfdi:Impuestos totalImpuestosRetenidos="0.00" totalImpuestosTrasladados="5600.00">
    <cfdi:Retenciones>
      <cfdi:Retencion impuesto="ISR" importe="0.00"/>
      <cfdi:Retencion impuesto="IVA" importe="0.00"/>
    </cfdi:Retenciones>
    <cfdi:Traslados>
      <cfdi:Traslado importe="5600.00" tasa="16.00" impuesto="IVA"/>
    </cfdi:Traslados>
  </cfdi:Impuestos>
  <cfdi:Complemento/>
  <cfdi:Addenda/>
</cfdi:Comprobante>
