﻿<?xml version="1.0" encoding="UTF-8"?>
<cfdi:Comprobante
  xsi:schemaLocation="http://www.sat.gob.mx/cfd/3 http://www.sat.gob.mx/sitio_internet/cfd/3/cfdv32.xsd http://www.sat.gob.mx/ventavehiculos http://www.sat.gob.mx/sitio_internet/cfd/ventavehiculos/ventavehiculos11.xsd"
  xmlns:xsi="http://www.w3.org/2001/XMLSchema-instance" xmlns:cfdi="http://www.sat.gob.mx/cfd/3" xmlns:ventavehiculos="http://www.sat.gob.mx/ventavehiculos"
  fecha="2015-02-25T13:50:00" tipoDeComprobante="ingreso" serie="C" folio="38"
  LugarExpedicion="Monterrey, Nuevo León" metodoDePago="No Identificado"
  NumCtaPago="No Identificado" formaDePago="PAGO EN UNA SOLA EXHIBICION" total="40600.00"
  descuento="0.00" subTotal="35000.00" Moneda="Pesos"
  certificado=""
  noCertificado="20001000000100005867"
  sello=""
  version="3.2">
  <cfdi:Emisor rfc="AAA010101AAA" nombre="Empresa de Pruebas SA">
    <cfdi:DomicilioFiscal colonia="Fracc. San Pedro" calle="Encinos" noExterior="1452"
      municipio="Monterrey" estado="Nuevo León" pais="México" codigoPostal="64000"/>
    <cfdi:RegimenFiscal Regimen="Regimen General de Ley Personas Morales de Prueba"/>
  </cfdi:Emisor>
  <cfdi:Receptor rfc="E&amp;Ñ831019M53" nombre="Exportadora de Ganado HOLSTEIN S.A.">
    <cfdi:Domicilio colonia="Ejido La Siembra" calle="Av. Principal" noExterior="102"
      municipio="Zacatecas" estado="Zacatecas" pais="México" codigoPostal="99170"
      localidad="Ejido La Siembra"/>
  </cfdi:Receptor>
  <cfdi:Conceptos>
    <cfdi:Concepto cantidad="1" descripcion="Venta de Vehículo nuevo" valorUnitario="35000.00"
      unidad="LTE" importe="35000.00">
      <cfdi:ComplementoConcepto>
        <ventavehiculos:VentaVehiculos version="1.1" ClaveVehicular="KLS829129990200032712" Niv="NIVEH287212">
          <ventavehiculos:Parte cantidad="1" unidad="PZA" noIdentificacion="CHA2819" descripcion="CHASIS JEEP WRANGLES &apos;94" valorUnitario="15000.00" importe="15000.00">
            <ventavehiculos:InformacionAduanera numero="NLT938212" fecha="2014-08-10" aduana="Nuevo Laredo"/>
          </ventavehiculos:Parte>
          <ventavehiculos:Parte cantidad="2" unidad="PZA" noIdentificacion="AS9281" descripcion="ASIENTO INDIVIDUAL JEEP / PIEL" valorUnitario="3580.00" importe="3580.00">
            <ventavehiculos:InformacionAduanera numero="NLT738231" fecha="2014-08-10" aduana="Nuevo Laredo"/>
          </ventavehiculos:Parte>
          <ventavehiculos:Parte cantidad="1" unidad="PZA" noIdentificacion="CRR21123" descripcion="CARROCERIA JEEP WRANGLER / ALEACIÓN METAL HT8321" valorUnitario="9800.00" importe="9800.00">
            <ventavehiculos:InformacionAduanera numero="NLT938273" fecha="2014-08-10" aduana="Nuevo Laredo"/>
          </ventavehiculos:Parte>
        </ventavehiculos:VentaVehiculos>
      </cfdi:ComplementoConcepto>
    </cfdi:Concepto>
  </cfdi:Conceptos>
  <cfdi:Impuestos totalImpuestosRetenidos="0.00" totalImpuestosTrasladados="5600.00">
    <cfdi:Retenciones>
      <cfdi:Retencion impuesto="ISR" importe="0.00"/>
      <cfdi:Retencion impuesto="IVA" importe="0.00"/>
    </cfdi:Retenciones>
    <cfdi:Traslados>
      <cfdi:Traslado importe="5600.00" tasa="16.00" impuesto="IVA"/>
    </cfdi:Traslados>
  </cfdi:Impuestos>
  <cfdi:Complemento/>
  <cfdi:Addenda/>
</cfdi:Comprobante>
