﻿<?xml version="1.0" encoding="UTF-8"?>
<cfdi:Comprobante
  xsi:schemaLocation="http://www.sat.gob.mx/cfd/3 http://www.sat.gob.mx/sitio_internet/cfd/3/cfdv32.xsd http://www.sat.gob.mx/spei http://www.sat.gob.mx/sitio_internet/cfd/spei/spei.xsd"
  xmlns:xsi="http://www.w3.org/2001/XMLSchema-instance" xmlns:cfdi="http://www.sat.gob.mx/cfd/3" xmlns:spei="http://www.sat.gob.mx/spei"
  fecha="2015-02-25T13:50:00" tipoDeComprobante="ingreso" serie="C" folio="38"
  LugarExpedicion="Monterrey, Nuevo León" metodoDePago="No Identificado"
  NumCtaPago="No Identificado" formaDePago="PAGO EN UNA SOLA EXHIBICION" total="40600.00"
  descuento="0.00" subTotal="35000.00" Moneda="Pesos"
  certificado=""
  noCertificado="20001000000100005867"
  sello=""
  version="3.2">
  <cfdi:Emisor rfc="AAA010101AAA" nombre="Empresa de Pruebas SA">
    <cfdi:DomicilioFiscal colonia="Fracc. San Pedro" calle="Encinos" noExterior="1452"
      municipio="Monterrey" estado="Nuevo León" pais="México" codigoPostal="64000"/>
    <cfdi:RegimenFiscal Regimen="Regimen General de Ley Personas Morales de Prueba"/>
  </cfdi:Emisor>
  <cfdi:Receptor rfc="E&amp;Ñ831019M53" nombre="Exportadora de Ganado HOLSTEIN S.A.">
    <cfdi:Domicilio colonia="Ejido La Siembra" calle="Av. Principal" noExterior="102"
      municipio="Zacatecas" estado="Zacatecas" pais="México" codigoPostal="99170"
      localidad="Ejido La Siembra"/>
  </cfdi:Receptor>
  <cfdi:Conceptos>
    <cfdi:Concepto cantidad="1" descripcion="Módulo de embarque serie A-6743-Ñ" valorUnitario="35000.00"
      unidad="LTE" importe="35000.00">
      <cfdi:InformacionAduanera numero="32441223" fecha="2015-02-10"/>
    </cfdi:Concepto>
  </cfdi:Conceptos>
  <cfdi:Impuestos totalImpuestosRetenidos="0.00" totalImpuestosTrasladados="5600.00">
    <cfdi:Retenciones>
      <cfdi:Retencion impuesto="ISR" importe="0.00"/>
      <cfdi:Retencion impuesto="IVA" importe="0.00"/>
    </cfdi:Retenciones>
    <cfdi:Traslados>
      <cfdi:Traslado importe="5600.00" tasa="16.00" impuesto="IVA"/>
    </cfdi:Traslados>
  </cfdi:Impuestos>
  <cfdi:Complemento>
    <spei:Complemento_SPEI>
      <spei:SPEI_Tercero FechaOperacion="2014-08-11" Hora="09:45:17.635" ClaveSPEI="87265"
        sello="NjJVo5KxQEzGqfToe7ukQCVJrNY9lyciTmVB2wqlFmr/KZh+hsdb3S/95JlqrHS4DCFYKJuBcsdu7eeuaKu9fMBlGytiONOU5yNQkHX17MqAb62ChuoYuT+A/NiE="
        numeroCertificado="00001000000482505796" cadenaCDA="cadenaCDA1">
        <spei:Ordenante BancoEmisor="Banco del Norte S.A." Nombre="Gustavo Fernández Sánchez" TipoCuenta="06"
          Cuenta="83927635620125364729" RFC="AAA010101AAA"/>
        <spei:Beneficiario BancoReceptor="Banco del Sur S.A." Nombre="Jesús Guzmán Lara" TipoCuenta="05"
          Cuenta="019236383749552321713" RFC="BBB010101BBB" Concepto="Servicios de Minería" IVA="0.00" MontoPago="2450973.87"/>
      </spei:SPEI_Tercero>
    </spei:Complemento_SPEI>
  </cfdi:Complemento>
  <cfdi:Addenda/>
</cfdi:Comprobante>
