﻿<?xml version="1.0" encoding="UTF-8"?>
<cfdi:Comprobante
  xsi:schemaLocation="http://www.sat.gob.mx/cfd/3 http://www.sat.gob.mx/sitio_internet/cfd/3/cfdv32.xsd http://www.sat.gob.mx/consumodecombustibles http://www.sat.gob.mx/sitio_internet/cfd/consumodecombustibles/consumodecombustibles.xsd"
  xmlns:xsi="http://www.w3.org/2001/XMLSchema-instance" xmlns:cfdi="http://www.sat.gob.mx/cfd/3"
  xmlns:consumodecombustibles="http://www.sat.gob.mx/consumodecombustibles"
  fecha="2015-02-25T13:50:00" tipoDeComprobante="ingreso" serie="C" folio="38"
  LugarExpedicion="Monterrey, Nuevo León" metodoDePago="No Identificado"
  NumCtaPago="No Identificado" formaDePago="PAGO EN UNA SOLA EXHIBICION" total="40600.00"
  descuento="0.00" subTotal="35000.00" Moneda="Pesos" certificado=""
  noCertificado="20001000000100005867" sello="" version="3.2">
  <cfdi:Emisor rfc="AAA010101AAA" nombre="Empresa de Pruebas SA">
    <cfdi:DomicilioFiscal colonia="Fracc. San Pedro" calle="Encinos" noExterior="1452"
      municipio="Monterrey" estado="Nuevo León" pais="México" codigoPostal="64000"/>
    <cfdi:RegimenFiscal Regimen="Regimen General de Ley Personas Morales de Prueba"/>
  </cfdi:Emisor>
  <cfdi:Receptor rfc="E&amp;Ñ831019M53" nombre="Exportadora de Ganado HOLSTEIN S.A.">
    <cfdi:Domicilio colonia="Ejido La Siembra" calle="Av. Principal" noExterior="102"
      municipio="Zacatecas" estado="Zacatecas" pais="México" codigoPostal="99170"
      localidad="Ejido La Siembra"/>
  </cfdi:Receptor>
  <cfdi:Conceptos>
    <cfdi:Concepto cantidad="1" descripcion="Módulo de embarque serie A-6743-Ñ"
      valorUnitario="35000.00" unidad="LTE" importe="35000.00">
      <cfdi:InformacionAduanera numero="32441223" fecha="2015-02-10"/>
    </cfdi:Concepto>
  </cfdi:Conceptos>
  <cfdi:Impuestos totalImpuestosRetenidos="0.00" totalImpuestosTrasladados="5600.00">
    <cfdi:Retenciones>
      <cfdi:Retencion impuesto="ISR" importe="0.00"/>
      <cfdi:Retencion impuesto="IVA" importe="0.00"/>
    </cfdi:Retenciones>
    <cfdi:Traslados>
      <cfdi:Traslado importe="5600.00" tasa="16.00" impuesto="IVA"/>
    </cfdi:Traslados>
  </cfdi:Impuestos>
  <cfdi:Complemento>
    <consumodecombustibles:ConsumoDeCombustibles version="1.0" tipoOperacion="monedero electrónico"
      numeroDeCuenta="A001385-1" total="158581.25">
      <consumodecombustibles:Conceptos>
        <consumodecombustibles:ConceptoConsumoDeCombustibles identificador="13847"
          fecha="2014-07-01T03:08:22" rfc="SMP620426HT0" claveEstacion="555" cantidad="120.48"
          nombreCombustible="Diesel" folioOperacion="1477" valorUnitario="13.28" importe="1600.00">
          <consumodecombustibles:Determinados>
            <consumodecombustibles:Determinado impuesto="IVA" tasa="16" importe="220.69"/>
          </consumodecombustibles:Determinados>
        </consumodecombustibles:ConceptoConsumoDeCombustibles>
        <consumodecombustibles:ConceptoConsumoDeCombustibles identificador="198846"
          fecha="2014-07-01T03:09:18" rfc="SMO920826HB0" claveEstacion="208" cantidad="112.95"
          nombreCombustible="Diesel" folioOperacion="1478" valorUnitario="13.28" importe="1500.00">
          <consumodecombustibles:Determinados>
            <consumodecombustibles:Determinado impuesto="IVA" tasa="16" importe="206.90"/>
          </consumodecombustibles:Determinados>
        </consumodecombustibles:ConceptoConsumoDeCombustibles>
        <consumodecombustibles:ConceptoConsumoDeCombustibles identificador="235248"
          fecha="2014-07-01T03:13:33" rfc="SMO920826HB0" claveEstacion="208" cantidad="47.78"
          nombreCombustible="Magna" folioOperacion="1479" valorUnitario="12.77" importe="610.15">
          <consumodecombustibles:Determinados>
            <consumodecombustibles:Determinado impuesto="IVA" tasa="16" importe="84.16"/>
          </consumodecombustibles:Determinados>
        </consumodecombustibles:ConceptoConsumoDeCombustibles>
        <consumodecombustibles:ConceptoConsumoDeCombustibles identificador="264229"
          fecha="2014-07-08T08:59:00" rfc="SMO920826HB0" claveEstacion="208" cantidad="15.55"
          nombreCombustible="Magna" folioOperacion="1569" valorUnitario="12.86" importe="200.00">
          <consumodecombustibles:Determinados>
            <consumodecombustibles:Determinado impuesto="IVA" tasa="16" importe="27.59"/>
          </consumodecombustibles:Determinados>
        </consumodecombustibles:ConceptoConsumoDeCombustibles>
      </consumodecombustibles:Conceptos>
    </consumodecombustibles:ConsumoDeCombustibles>
  </cfdi:Complemento>
  <cfdi:Addenda/>
</cfdi:Comprobante>
